{"urobilinogen": 3.3775260159104854, "glucose": 0.919948225360713, "bilirubin": 0.9369537748084432, "ketones": 0.3504484122835835, "specificGravity": 2.259070113701455, "blood": 0.2743146406642877, "pH": 0.14669645218107374, "protein": 0.602248794899765, "nitrite": 0.3294, "leukocytes": 0.932282193483843, "ascorbicAcid": 0.546393072798243, "errorFlag": 0, "imgProcErrorCode": 0}